{
    "keys": {
        "COLOR_SIDEBAR_BACKGROUND.color": [
            "color", 
            "#374b66ff"
        ], 
        "COLOR_SIDEBAR_ICON_HOVER.color": [
            "color", 
            "#ffffffff"
        ], 
        "COLOR_SIDEBAR_ICON_NORMAL.color": [
            "color", 
            "#8793a3ff"
        ], 
        "COLOR_SIDEBAR_ICON_SELECTED.color": [
            "color", 
            "#ffffffff"
        ], 
        "COLOR_SIDEBAR_ICON_SELECTED_BACKGROUND.color": [
            "color", 
            "#6f7d91ff"
        ], 
        "COLOR_SIDEBAR_TENANT_ICON_BORDER_HOVER.color": [
            "color", 
            "#ffffffff"
        ], 
        "COLOR_SIDEBAR_TENANT_ICON_BORDER_PRESSED.color": [
            "color", 
            "#8793a3ff"
        ], 
        "COLOR_SIDEBAR_TENANT_LIST_DOWN_BUTTON_NORMAL.color": [
            "color", 
            "#8793a3ff"
        ], 
        "COLOR_SIDEBAR_TENANT_LIST_JOIN_BUTTON_NORMAL.color": [
            "color", 
            "#8793a3ff"
        ], 
        "COLOR_SIDEBAR_TENANT_LIST_MORE_BUTTON_HOVER.color": [
            "color", 
            "#ffffffff"
        ], 
        "COLOR_SIDEBAR_TENANT_LIST_MORE_BUTTON_NORMAL.color": [
            "color", 
            "#8793a3ff"
        ], 
        "COLOR_UI4_LARK_BACKGROUND.color": [
            "color", 
            "#374b66ff"
        ], 
        "COLOR_UI4_SIDEBAR_ICON_SELECTED.color": [
            "color", 
            "#374b66ff"
        ], 
        "COLOR_UI4_SIDEBAR_ICON_SELECTED_BACKGROUND.color": [
            "color", 
            "#dcdddeff"
        ], 
        "COLOR_UI4_SIDEBAR_ICON_SELECTED_BORDER.color": [
            "color", 
            "#374b66ff"
        ], 
        "COLOR_UI4_SIDEBAR_ICON_TEXT_COLLAPSED_SELECTED.color": [
            "color", 
            "#374b66ff"
        ], 
        "COLOR_UI4_SIDEBAR_ICON_TEXT_EXPANDED_SELECTED.color": [
            "color", 
            "#374b66ff"
        ], 
        "COLOR_UI4_TITLEBAR_BACKGROUND.color": [
            "color", 
            "#374b66ff"
        ], 
        "COLOR_UI4_TITLEBAR_ICON_BORDER_HOVER.color": [
            "color", 
            "#55667dff"
        ], 
        "COLOR_UI4_TITLEBAR_ICON_BORDER_PRESSED.color": [
            "color", 
            "#55667dff"
        ], 
        "COLOR_UI4_TITLEBAR_ICON_HOVER.color": [
            "color", 
            "#ebedf0ff"
        ], 
        "COLOR_UI4_TITLEBAR_ICON_NORMAL.color": [
            "color", 
            "#ebedf0ff"
        ], 
        "COLOR_UI4_TITLEBAR_ICON_PRESSED.color": [
            "color", 
            "#ebedf0ff"
        ], 
        "COLOR_UI4_TITLEBAR_SEARCHBOX_BORDER_HOVER.color": [
            "color", 
            "#5f6f85ff"
        ], 
        "COLOR_UI4_TITLEBAR_SEARCHBOX_BORDER_NORMAL.color": [
            "color", 
            "#5f6f85ff"
        ], 
        "COLOR_UI4_TITLEBAR_SEARCHBOX_BORDER_PRESSED.color": [
            "color", 
            "#5f6f85ff"
        ], 
        "COLOR_UI4_TITLEBAR_SEARCHICON_HOVER.color": [
            "color", 
            "#ebedf0ff"
        ], 
        "COLOR_UI4_TITLEBAR_SEARCHICON_NORMAL.color": [
            "color", 
            "#ebedf0ff"
        ], 
        "COLOR_UI4_TITLEBAR_SEARCHICON_PRESSED.color": [
            "color", 
            "#ebedf0ff"
        ], 
        "COLOR_UI4_TITLEBAR_SEARCHTEXT_HOVER.color": [
            "color", 
            "#ebedf0ff"
        ], 
        "COLOR_UI4_TITLEBAR_SEARCHTEXT_NORMAL.color": [
            "color", 
            "#ebedf0ff"
        ], 
        "COLOR_UI4_TITLEBAR_SEARCHTEXT_PRESSED.color": [
            "color", 
            "#ebedf0ff"
        ], 
        "COLOR_UI5_LARK_BACKGROUND.color": [
            "color", 
            "#374b66ff"
        ], 
        "COLOR_UI5_MASTER.color": [
            "color", 
            "#ffffffff"
        ], 
        "COLOR_UI5_SIDEBAR_ICON_BACKGROUND_HOVERED.color": [
            "color", 
            "#8793a3ff"
        ], 
        "COLOR_UI5_SIDEBAR_ICON_BACKGROUND_NORMAL.color": [
            "color", 
            "#374b66ff"
        ], 
        "COLOR_UI5_SIDEBAR_ICON_BACKGROUND_SELECTED.color": [
            "color", 
            "#d7dbe0ff"
        ], 
        "COLOR_UI5_SIDEBAR_ICON_COLLAPSED_TEXT_HOVERED.color": [
            "color", 
            "#374b66ff"
        ], 
        "COLOR_UI5_SIDEBAR_ICON_COLLAPSED_TEXT_NORMAL.color": [
            "color", 
            "#ebedf0ff"
        ], 
        "COLOR_UI5_SIDEBAR_ICON_COLLAPSED_TEXT_SELECTED.color": [
            "color", 
            "#374b66ff"
        ], 
        "COLOR_UI5_SIDEBAR_ICON_EXPANDED_TEXT_HOVERED.color": [
            "color", 
            "#374b66ff"
        ], 
        "COLOR_UI5_SIDEBAR_ICON_EXPANDED_TEXT_NORMAL.color": [
            "color", 
            "#ebedf0ff"
        ], 
        "COLOR_UI5_SIDEBAR_ICON_EXPANDED_TEXT_SELECTED.color": [
            "color", 
            "#374b66ff"
        ], 
        "COLOR_UI5_SIDEBAR_ICON_HOVERED.color": [
            "color", 
            "#374b66ff"
        ], 
        "COLOR_UI5_SIDEBAR_ICON_NORMAL.color": [
            "color", 
            "#ebedf0ff"
        ], 
        "COLOR_UI5_SIDEBAR_ICON_SELECTED.color": [
            "color", 
            "#374b66ff"
        ], 
        "COLOR_UI5_TENANT_BUTTON_BACKGROUND_HOVERED.color": [
            "color", 
            "#738194ff"
        ], 
        "COLOR_UI5_TENANT_BUTTON_BACKGROUND_NORMAL.color": [
            "color", 
            "#55667dff"
        ], 
        "COLOR_UI5_TENANT_BUTTON_BORDER_HOVERED.color": [
            "color", 
            "#9ba5b3ff"
        ], 
        "COLOR_UI5_TENANT_TOOL_BUTTON_BACKGROUND_HOVERED.color": [
            "color", 
            "#738194ff"
        ], 
        "COLOR_UI5_TENANT_TOOL_BUTTON_BACKGROUND_NORMAL.color": [
            "color", 
            "#55667dff"
        ], 
        "COLOR_UI5_TENANT_TOOL_BUTTON_ICON_HOVERED.color": [
            "color", 
            "#ffffffff"
        ], 
        "COLOR_UI5_TENANT_TOOL_BUTTON_ICON_NORMAL.color": [
            "color", 
            "#ffffffff"
        ], 
        "COLOR_UI5_TITLEBAR_ICON_BACKGROUND_HOVERED.color": [
            "color", 
            "#738194ff"
        ], 
        "COLOR_UI5_TITLEBAR_ICON_BACKGROUND_INACTIVE.color": [
            "color", 
            "#738194ff"
        ], 
        "COLOR_UI5_TITLEBAR_ICON_BACKGROUND_NORMAL.color": [
            "color", 
            "#55667dff"
        ], 
        "COLOR_UI5_TITLEBAR_ICON_BACKGROUND_PRESSED.color": [
            "color", 
            "#9ba5b3ff"
        ], 
        "COLOR_UI5_TITLEBAR_ICON_HOVERED.color": [
            "color", 
            "#ffffffff"
        ], 
        "COLOR_UI5_TITLEBAR_ICON_INACTIVE.color": [
            "color", 
            "#9ba5b3ff"
        ], 
        "COLOR_UI5_TITLEBAR_ICON_NORMAL.color": [
            "color", 
            "#ffffffff"
        ], 
        "COLOR_UI5_TITLEBAR_ICON_PRESSED.color": [
            "color", 
            "#ffffffff"
        ], 
        "COLOR_UI5_TITLEBAR_SEARCHBOX_BACKGROUND_HOVERED.color": [
            "color", 
            "#738194ff"
        ], 
        "COLOR_UI5_TITLEBAR_SEARCHBOX_BACKGROUND_INACTIVE.color": [
            "color", 
            "#738194ff"
        ], 
        "COLOR_UI5_TITLEBAR_SEARCHBOX_BACKGROUND_NORMAL.color": [
            "color", 
            "#55667dff"
        ], 
        "COLOR_UI5_TITLEBAR_SEARCHBOX_BACKGROUND_PRESSED.color": [
            "color", 
            "#9ba5b3ff"
        ], 
        "COLOR_UI5_TITLEBAR_SEARCHICON_HOVERED.color": [
            "color", 
            "#ffffffff"
        ], 
        "COLOR_UI5_TITLEBAR_SEARCHICON_INACTIVE.color": [
            "color", 
            "#9ba5b3ff"
        ], 
        "COLOR_UI5_TITLEBAR_SEARCHICON_NORMAL.color": [
            "color", 
            "#ffffffff"
        ], 
        "COLOR_UI5_TITLEBAR_SEARCHICON_PRESSED.color": [
            "color", 
            "#ffffffff"
        ], 
        "COLOR_UI5_TITLEBAR_SEARCHTEXT_HOVERED.color": [
            "color", 
            "#ffffffff"
        ], 
        "COLOR_UI5_TITLEBAR_SEARCHTEXT_INACTIVE.color": [
            "color", 
            "#9ba5b3ff"
        ], 
        "COLOR_UI5_TITLEBAR_SEARCHTEXT_NORMAL.color": [
            "color", 
            "#ffffffff"
        ], 
        "COLOR_UI5_TITLEBAR_SEARCHTEXT_PRESSED.color": [
            "color", 
            "#ffffffff"
        ], 
        "IDR_FEATURE_SWITCH.file": [
            "bundle-path", 
            "IDR_FEATURE_SWITCH.txt"
        ], 
        "IDS_LARK_PRODUCT_NAME.text": [
            "text-path", 
            "strings.json"
        ], 
        "IDS_TAB_CALENDAR.text": [
            "text-path", 
            "strings.json"
        ], 
        "IDS_TAB_CONTACTS.text": [
            "text-path", 
            "strings.json"
        ], 
        "IDS_TAB_MAIL.text": [
            "text-path", 
            "strings.json"
        ], 
        "IDS_TAB_MESSENGER.text": [
            "text-path", 
            "strings.json"
        ], 
        "IDS_TAB_SPACE.text": [
            "text-path", 
            "strings.json"
        ], 
        "IDS_TAB_WORKPLACE.text": [
            "text-path", 
            "strings.json"
        ]
    }
}