{
  "IDS_LARK_PRODUCT_NAME": {
    "zh-CN": "飞书",
    "zh-HK": "飛書",
    "zh-TW": "飛書",
    "en-US": "Feishu",
    "ja-JP": "Feishu",
    "$base": "Feishu"
  },
  "IDS_TAB_CALENDAR": {
    "zh-CN": "日历",
    "zh-HK": "日曆",
    "zh-TW": "日曆",
    "en-US": "Calendar",
    "ja-JP": "カレンダー",
    "$base": "Calendar"
  },
  "IDS_TAB_CONTACTS": {
    "zh-CN": "联系人",
    "zh-HK": "聯絡人",
    "zh-TW": "聯絡人",
    "en-US": "Contacts",
    "ja-JP": "連絡先",
    "$base": "Contacts"
  },
  "IDS_TAB_MAIL": {
    "en-US": "Email",
    "zh-CN": "邮箱",
    "ja-JP": "メール",
    "zh-HK": "郵件",
    "zh-TW": "郵件",
    "$base": "Email"
  },
  "IDS_TAB_MESSENGER": {
    "en-US": "Messenger",
    "zh-CN": "消息",
    "ja-JP": "メッセンジャー",
    "zh-HK": "訊息",
    "zh-TW": "訊息",
    "$base": "Messenger"
  },
  "IDS_TAB_SPACE": {
    "en-US": "Docs",
    "zh-CN": "云文档",
    "ja-JP": "Docs",
    "zh-HK": "雲端文件",
    "zh-TW": "雲端文件",
    "$base": "Docs"
  },
  "IDS_TAB_WORKPLACE": {
    "en-US": "Workplace",
    "zh-CN": "工作台",
    "ja-JP": "ワークプレイス",
    "zh-HK": "工作平台",
    "zh-TW": "工作台",
    "$base": "Workplace"
  }
}